yahoo_ticker,mean_p_completed,min_p_completed,n_trials,n_risky,phase
AARD,0.3932977408014891,0.2920749962516761,4,1,P2
ABBV,0.443305532317025,0.08996495461326937,502,73,P3
ABCL,0.40850727013427746,0.30849865772601126,5,0,P3
ABEO,0.4263490971539846,0.28674892698126153,5,1,P3
ABOS,0.4986213132136026,0.25884949718866074,2,1,P1
ABUS,0.37049001807888365,0.27120199344184254,4,1,P2
ABVC,0.29392134408856835,0.29392134408856835,1,1,P2
ACAD,0.3373391907994425,0.13917733656391415,24,12,P3
ACER,0.5752093616419632,0.41288486292451954,3,0,P1
ACHV,0.5652109691953302,0.39639940869353774,9,0,P3
ACRS,0.34775435133156846,0.20461604026532804,19,6,P3
ACTU,0.3761285546500486,0.22571331514455126,3,1,P2
ACXP,0.18347581643458183,0.18347581643458183,1,1,P2
ADCT,0.3657260759146351,0.15176704910799374,16,4,P2
ADIL,0.30489605867944286,0.30489605867944286,1,0,P3
ADMA,0.48247463005883856,0.48247463005883856,1,0,P1
ADPT,0.5577771468023327,0.4516099977353301,9,0,P2
ADTX,0.7396432809363684,0.7396432809363684,1,0,P1
ADVM,0.37403574249742766,0.23230560593084523,4,2,P2
AEON,0.38315162307916256,0.22686021531982006,6,2,P2
AERI,0.4822001337637217,0.24341689030765024,14,2,P3
AGEN,0.40047559331345367,0.19525442748357175,9,1,P2
AGIO,0.5234665900207816,0.2307441915623816,25,4,P3
AKBA,0.3501497340353115,0.18849817577368408,14,3,P3
AKTX,0.37348502249600246,0.26434793246973204,5,1,P3
ALBO,0.23046288305112317,0.16539875267320409,3,2,P3
ALDX,0.527991894846595,0.2227675429890915,26,1,P3
ALEC,0.33870956701377125,0.1508479800924322,10,3,P3
ALGS,0.4623634233116439,0.25825717397319103,11,2,P2
ALKS,0.437361465473547,0.20558672288291552,24,3,P3
ALLO,0.43129158645533555,0.3422930686982998,3,0,P2
ALLR,0.41343674539731373,0.1697457811103292,5,1,P2
ALMS,0.4751028541630771,0.19277373221130428,9,1,P3
ALNY,0.40431869233022777,0.17461241324342439,33,7,P3
ALPN,0.3938606708716714,0.2816543335639675,6,1,P1
ALT,0.47251989736621425,0.3516241238926855,13,0,P2
ALXO,0.44490983213530655,0.37725959520377633,5,0,P1
ALZN,0.36669591625940845,0.36669591625940845,1,0,P1
AMGN,0.42038212724034885,0.08928456654374772,386,77,P3
AMLX,0.39109285719196857,0.17537754333949424,7,2,P3
AMPH,0.7347406863530207,0.6304743099225407,3,0,P3
AMRN,0.4657439029552668,0.42673871102010785,3,0,P3
AMRX,0.4920015702141936,0.4920015702141936,1,0,P1
AMTI,0.29853044984129756,0.11323169620873712,4,2,P2
ANAB,0.2663281093510514,0.23910717656062447,3,2,P2
ANEB,0.34121802092828224,0.34121802092828224,1,0,P2
ANIK,0.3931905667885886,0.3435000554927925,9,0,P3
ANNX,0.4358255727431281,0.3254803641724993,12,0,P3
ANRO,0.3761766821219941,0.29048612206562135,7,1,P2
ANTX,0.5364268422592201,0.23617274119440718,6,1,P2
ANVS,0.2908610571426735,0.2675422582887403,4,3,P3
APGE,0.3774410814090892,0.3774410814090892,1,0,P1
APLS,0.34612961921687596,0.09722232239141347,19,7,P3
APLT,0.4522055841301779,0.3914313888603931,2,0,P2
APRE,0.36109891729013543,0.2490000663956925,9,3,P3
AQST,0.6097488066951939,0.45880559051833286,4,0,P3
ARCT,0.4198111756243297,0.2319777616923278,12,1,P3
ARDX,0.43263244518078897,0.3354524770404612,7,0,P3
ARMP,0.2411494949307962,0.19588887279405573,3,2,P2
ARQT,0.4098049957714149,0.2351235555084277,23,3,P3
ARTV,0.2908319981644506,0.1657849883622643,2,1,P2
ARVN,0.34797456939189386,0.2925773695541167,2,1,P2
ARWR,0.3489515109729027,0.21963822736220698,19,7,P3
ASBP,0.5246942391103645,0.5246942391103645,1,0,P1
ASMB,0.41454199637091405,0.14142437951158762,19,8,P2
ASRT,0.34149491897227274,0.34149491897227274,1,0,P2
ATHA,0.41709821155981924,0.12661492440049457,8,2,P2
ATNF,0.3405431854469176,0.3405431854469176,1,0,P2
ATNM,0.44829273869287156,0.44829273869287156,1,0,P1
ATOS,0.450101876085481,0.4217546213984534,2,0,P2
ATRA,0.4228165266115066,0.28496782507053364,7,2,P2
ATYR,0.23250118432683353,0.22343734948974425,2,2,P2
AUPH,0.4554555556718741,0.22525714164031133,10,3,P3
AURA,0.4561548382166052,0.25776040268948197,4,1,P2
AUTL,0.43157928726989786,0.3315617060384968,4,0,P1
AVDL,0.4469684723443999,0.3979412251963202,3,0,P3
AVIR,0.6032686213760649,0.13907423897462687,29,4,P3
AVTX,0.3371485128513039,0.25769324915563774,4,1,P2
AVXL,0.37961571599893806,0.19513076593656545,11,4,P3
AYTU,0.5207910357852907,0.5207910357852907,1,0,P1
AZTR,0.4266963873796987,0.4266963873796987,1,0,P1
BBIO,0.3789427306150809,0.058577112603423076,17,5,P3
BCRX,0.3405533231110822,0.18443805475177744,14,6,P3
BCYC,0.4041266340293029,0.3392304020881407,2,0,P1
BDTX,0.27932675126539014,0.27932675126539014,1,1,P1
BEAM,0.6725277306201094,0.6478639758807497,2,0,P1
BFRI,0.39086174556656206,0.3369501260905214,4,0,P2
BHC,0.4588352911767153,0.15579234157389427,30,3,P3
BHVN,0.43864189196230813,0.06414705053986712,18,3,P3
BIIB,0.4496746720107028,0.10024047185621059,168,27,P3
BIOA,0.5328423314102292,0.29008519120102993,3,1,P2
BIVI,0.34250347094274697,0.10243923378211862,6,2,P3
BMEA,0.282024507630206,0.11909076041177169,5,3,P2
BMRN,0.47420133051438335,0.33510964448645647,36,0,P3
BMY,0.46329743560444964,0.060260661543983574,802,83,P3
BOLD,0.3355499976966593,0.3355499976966593,1,0,P1
BOLT,0.3568776288735149,0.22223024855336537,5,1,P2
BTAI,0.44782932274759946,0.19085598421114178,13,2,P3
BTTX,0.483912260115563,0.4428434662778163,3,0,P3
BYSI,0.4397396767147795,0.400592851145239,3,0,P3
CABA,0.37878039377043937,0.37878039377043937,1,0,P1
CADL,0.4010825411065413,0.31810875143863776,2,0,P1
CAPR,0.40597930475266675,0.21754273148677886,4,1,P2
CCCC,0.31323507264611167,0.2870020357591904,2,1,P1
CDXS,0.3888168146835198,0.3888168146835198,1,0,P1
CELC,0.42458151975700104,0.39142665449697184,2,0,P1
CELU,0.38070311402562346,0.21935858225542446,3,1,P1
CERE,0.6013120852259864,0.27598897888599266,23,1,P2
CGC,0.47836697740331047,0.28647419063461665,10,1,P2
CGON,0.39099556976909144,0.3718242623709512,2,0,P2
CGTX,0.4609730959543991,0.2668709634407547,8,1,P2
CHRS,0.3187218020809408,0.112602436615148,5,2,P2
CING,0.6293541949588584,0.3161870766242344,5,0,P3
CLDX,0.3735735442279855,0.19675115379393193,25,6,P2
CLRB,0.3720886390396937,0.33526845759728996,2,0,P1
CLSD,0.22840234896054964,0.1561081688857925,3,2,P2
CMMB,0.3757289456547596,0.25724535753970657,3,2,P2
CMPX,0.4188144837739799,0.3610830506487133,4,0,P2
CNTA,0.342733422803636,0.07335841659765426,11,5,P3
CNTX,0.37851480000070464,0.35520040293367844,3,0,P2
COCP,0.45212326353300425,0.41391715277118213,4,0,P2
COEP,0.44531654538689946,0.41057657508677875,2,0,P1
COGT,0.35207226116494894,0.20365281075153413,6,1,P1
COLL,0.33090440418315825,0.1496986967159887,2,1,P3
CPIX,0.42146634860324683,0.3056784883735408,7,0,P2
CPRX,0.44144666517124836,0.20912670370303055,13,2,P3
CRBP,0.38922743637357216,0.3399585608915521,4,0,P3
CRBU,0.24565538913268462,0.24565538913268462,1,1,P1
CRDF,0.38042241477313693,0.12521137189579734,5,1,P2
CRIS,0.4165901650860247,0.3070478076142134,7,0,P2
CRNX,0.4106319846281397,0.10814264696093254,9,4,P2
CRSP,0.42578175546936187,0.25785556907552276,9,1,P2
CRVO,0.34954468468785954,0.26128096209157853,2,1,P2
CRVS,0.346558665969547,0.11080228961751674,6,2,P3
CTMX,0.41847542483223044,0.29525097301132647,6,1,P2
CTOR,0.47194331971760206,0.3947340274717824,2,0,P3
CTXR,0.47194331971760206,0.3947340274717824,2,0,P3
CUE,0.3688090667684971,0.2741385977230885,3,1,P1
CVM,0.478277365496924,0.478277365496924,1,0,P3
CYCN,0.5395319954717667,0.18849817577368408,6,3,P2
CYTK,0.3939895071418611,0.21294831325942348,15,3,P3
DARE,0.46835590277667094,0.24950483986905891,9,1,P3
DAWN,0.3429206007521816,0.21007822778893834,3,1,P2
DERM,0.5985609400946601,0.47888915546728167,5,0,P3
DMAC,0.3734871965593555,0.3278311450464834,3,0,P2
DNLI,0.539406913663864,0.22673735205749615,15,1,P3
DRMA,0.5708744576642397,0.5476415789001168,2,0,P3
DRRX,0.358148799362005,0.24610444143190974,6,4,P3
DSGN,0.4921415904634898,0.4686643553178907,2,0,P1
DTIL,0.35429247290930566,0.31482603172362916,4,0,P1
DVAX,0.4237309243186653,0.326862306641182,8,0,P3
DYN,0.5384760888183475,0.5384760888183475,1,0,P3
EBS,0.47833491269268347,0.10356232879938417,20,2,P3
EDIT,0.42433577114445886,0.42433577114445886,1,0,P1
EDSA,0.30449749736556014,0.30449749736556014,1,0,P2
ELDN,0.20726860117681728,0.15234278944153032,2,2,P2
ENSC,0.6259476829903646,0.36555391812946836,6,0,P2
ENTA,0.5014172123949728,0.11668378741424176,27,8,P2
EOLS,0.44567830008186776,0.4059027603587857,4,0,P2
EPIX,0.346314395285315,0.2985509812578485,3,1,P2
EQ,0.27039044602952533,0.13917318278795207,5,3,P3
ERAS,0.3145237184162081,0.18883550291300005,2,1,P1
ESPR,0.4183782660321234,0.1719721116326415,5,1,P3
EWTX,0.586340209778464,0.3400971044562819,9,0,P1
EXEL,0.4281269769704427,0.16736512748344265,28,1,P3
EYPT,0.348585483731752,0.1795793966583143,11,6,P3
FBLG,0.44258749716667856,0.44258749716667856,1,0,P1
FBRX,0.5498055235355269,0.36801375918831564,13,0,P2
FDMT,0.5316433841853694,0.5316433841853694,1,0,P1
FGEN,0.3800751298955952,0.16112110371117175,18,6,P3
FHTX,0.35882313150545864,0.2917687781339828,3,1,P2
FOLD,0.4714370631398708,0.2874896528118006,12,1,P3
FTRE,0.4169947843997234,0.12412058868327559,9,2,P3
FULC,0.4040439489569797,0.20477445106931888,8,3,P3
GALT,0.3543674895460411,0.2607684573020467,3,2,P2
GILD,0.4345897599692706,0.09797960040302381,286,45,P3
GLUE,0.5054388684892909,0.5054388684892909,1,0,P1
GNLX,0.44521077028684825,0.3816128721956159,3,0,P1
GNPX,0.34650924846367814,0.34650924846367814,1,0,P1
GOVX,0.4033865985129601,0.36732731806196106,2,0,P1
GRCE,0.5173081053129615,0.31741115131036624,5,0,P3
GRTS,0.4281817216120575,0.26942830944407886,7,1,P1
GTBP,0.32639447570657304,0.32639447570657304,1,0,P1
GUTS,0.37513994671677503,0.30278412907784835,3,0,P1
HALO,0.3519441948320378,0.16461217349432147,7,3,P3
HLVX,0.489918156220377,0.37169754401386146,4,0,P2
HOTH,0.3551733084103695,0.3551733084103695,1,0,P1
HROW,0.6852847257745366,0.5012907439125774,3,0,P1
HRTX,0.40262689666310686,0.28039678953442293,9,1,P3
HUMA,0.44338247852631324,0.3574409799522147,5,0,P3
HURA,0.4624567036998588,0.40536114496363684,3,0,P1
IBRX,0.4448996165865999,0.016225573632462333,22,3,P3
ICU,0.45078036058085064,0.45078036058085064,1,0,P1
IGC,0.4295871729730904,0.4295871729730904,1,0,P1
IKT,0.5134530251870909,0.5134530251870909,1,0,P1
IMCR,0.3779450742438455,0.1785787788491441,4,1,P2
IMNM,0.6139485173901049,0.3880114703827638,7,0,P1
IMNN,0.41400397056870086,0.2473830485904473,2,1,P3
IMRX,0.4948397703931835,0.3324866029556497,2,0,P3
IMUX,0.4182793573159301,0.33827150181622534,4,0,P2
IMVT,0.30626150698933036,0.12655567493957734,8,5,P3
INBX,0.30004858294136094,0.18591055275391888,2,1,P1
INCY,0.3990075956481911,0.06885931634655869,189,40,P3
INDV,0.5019975899756003,0.36060177872621657,19,0,P3
INKT,0.3452359311559097,0.2658186379019314,3,1,P1
INM,0.18417555207889383,0.18417555207889383,1,1,P2
INMB,0.3585827942081628,0.286112177846052,6,1,P2
INO,0.42864488482254615,0.2032119178372326,21,2,P3
INSM,0.4731733447330486,0.15714169575212145,23,8,P3
INTS,0.46779805021750154,0.46779805021750154,1,0,P1
IOBT,0.3765438470735126,0.2877112815174332,5,1,P2
IONS,0.39676938215744423,0.1484478763288799,53,13,P3
IOVA,0.4561403245849971,0.3109468274135392,10,0,P2
IPSC,0.17254200409324422,0.17254200409324422,1,1,P1
IRWD,0.3963261502117172,0.08996495461326937,15,6,P3
ITOS,0.34470642100491933,0.11269380616161817,4,1,P1
IVVD,0.40717253760446026,0.27929483106684316,4,1,P3
JAZZ,0.4124069970023707,0.1047956348555728,78,14,P3
JNJ,0.5224321995390383,0.39459822229609687,18,0,P2
JSPR,0.42575512600575693,0.29296419701016374,4,1,P1
KALA,0.45030112789793453,0.2665533691937847,3,1,P3
KALV,0.3789267136511823,0.08294695222555167,8,3,P3
KNSA,0.37244681730047025,0.1616154659555777,10,4,P2
KOD,0.40141025721871,0.3554315551032659,7,0,P3
KPRX,0.43333035343500753,0.3882564873832702,3,0,P2
KPTI,0.41522915737697347,0.10567774724725264,32,4,P3
KRON,0.20169091405217796,0.054252434601916366,3,2,P3
KRYS,0.40435425759131044,0.279382637526745,3,1,P3
KURA,0.4162411226090322,0.364634456727218,7,0,P2
KYMR,0.3524330283968355,0.15829564053743017,9,4,P2
KZR,0.23802562559653553,0.09429665429669873,6,5,P2
LENZ,0.6127456986672901,0.5155294428715558,8,0,P3
LEXX,0.49660219893719154,0.40362136889972655,2,0,P1
LGVN,0.35722554402040924,0.20512647067373904,6,2,P2
LLY,0.5067895160434693,0.07484492979218574,609,46,P3
LPCN,0.30581280528694776,0.1263989782445191,5,3,P3
LRMR,0.47884845988187763,0.2705802202552422,6,1,P2
LSTA,0.3484394523255588,0.21316365980750127,6,3,P2
LTRN,0.37731860051654903,0.37731860051654903,1,0,P2
LXEO,0.3285868949841099,0.3285868949841099,1,0,P1
LXRX,0.3380103374501076,0.1863691383895968,16,4,P3
MAZE,0.4086607682808716,0.4086607682808716,1,0,P1
MBIO,0.428801867094275,0.3134080909274518,3,0,P1
MBRX,0.40151901531058826,0.36109215726146376,6,0,P1
MCRB,0.37433059422413284,0.3026269004573546,5,0,P3
MDGL,0.5296012627061859,0.32353345867436123,4,0,P3
MDXG,0.4134330708259899,0.28914986406820964,9,1,P3
MGNX,0.37913991984292006,0.17974490447349314,23,4,P3
MGTX,0.2879953834460369,0.2879953834460369,1,1,P1
MIRM,0.4033244131749601,0.2315814436674809,11,2,P3
MIST,0.44146460710961183,0.23068844376495556,7,1,P3
MLTX,0.44917948145219627,0.3572752441773802,3,0,P2
MLYS,0.35041650262878377,0.2846288370735143,5,1,P3
MNKD,0.38897628603008955,0.1667012179576349,7,2,P3
MNMD,0.5666496173199108,0.5666496173199108,1,0,P3
MNOV,0.4467015649554606,0.27169225782712136,6,1,P2
MNPR,0.2481336927721834,0.15209564994801447,2,1,P2
MREO,0.41371223854744005,0.33889144235937513,6,0,P2
MRKR,0.40677143844406116,0.33519425402078523,5,0,P2
MRSN,0.33301580106007206,0.12290843859755872,6,1,P3
MRUS,0.4703826359961363,0.4211364835950086,3,0,P2
MTNB,0.5585016904290134,0.5585016904290134,1,0,P2
NAMS,0.5414503593713038,0.32610115201920115,13,0,P3
NBIX,0.37095192870126825,0.14761894816965515,36,11,P3
NBY,0.4240059718161086,0.4240059718161086,1,0,P1
NGNE,0.560898558006192,0.4427188822328507,4,0,P1
NKTR,0.3673237943806905,0.07349794394578545,31,10,P3
NLTX,0.560898558006192,0.4427188822328507,4,0,P1
NMRA,0.3340141151239719,0.08130626547380103,4,1,P3
NRIX,0.6327055304187522,0.3056024935958243,3,0,P1
NTLA,0.4193559404898395,0.31962662783853074,2,0,P1
NUVB,0.43844792952084677,0.28578276474550934,8,1,P2
NUVL,0.43844792952084677,0.28578276474550934,8,1,P2
NVAX,0.49590330256936355,0.3116212532349921,21,0,P3
NXTC,0.31088415164522787,0.1817501028529926,4,1,P1
OCGN,0.4437697169650498,0.3385913005372968,2,0,P3
OCUL,0.48022920058123003,0.3240558807939318,28,0,P3
OGEN,0.288116349197759,0.288116349197759,1,1,P2
OGN,0.473824849697438,0.44922698029189684,3,0,P3
OKUR,0.3061033203623451,0.274522717177601,2,1,P1
OLMA,0.4162374962575982,0.4162374962575982,1,0,P1
OMER,0.39141684048320946,0.2224608375931796,6,2,P3
ONC,0.4345622717190962,0.30982872762867913,3,0,P2
ORGO,0.46081800801812073,0.4000068783016067,9,0,P3
ORIC,0.504092205854576,0.33077989636224425,4,0,P1
ORKA,0.5158040581890536,0.5158040581890536,1,0,P1
ORMP,0.38145899547863493,0.21332835884584572,8,1,P3
OTLK,0.44842771560593725,0.39406890280184453,4,0,P3
PASG,0.4205878119191313,0.4205878119191313,1,0,P1
PBYI,0.45000927844553995,0.2990705273642706,10,1,P2
PCRX,0.4465051993160703,0.09203732674678385,37,4,P3
PCSA,0.3420240895282698,0.26109705916260006,6,3,P2
PDSB,0.4457605931765571,0.4457605931765571,1,0,P2
PEPG,0.2658626129052577,0.18172802567170931,2,1,P2
PFE,0.5085482170720049,0.06392574923836433,1133,117,P3
PGEN,0.5127432514829161,0.38880631232258317,2,0,P1
PHAT,0.5530721360355648,0.28485086445091645,11,1,P3
PLRX,0.3403919092745671,0.1586867464186703,7,3,P2
PLX,0.35880637640433055,0.2614955615889303,6,1,P3
PMVP,0.6601766833496773,0.5308717463403352,4,0,P1
PRAX,0.5734547615664844,0.5734547615664844,1,0,P1
PROK,0.4288381015022408,0.3560247019474286,5,0,P2
PRTA,0.2693544653334805,0.19231836957730225,2,1,P3
PTCT,0.3871651004598184,0.22940671343769622,26,6,P3
PTGX,0.3775004307792903,0.19320255180923368,10,4,P2
PULM,0.41207752078525717,0.25988392344787326,4,2,P2
PVLA,0.40438125119001217,0.2970738270570677,6,1,P3
PYXS,0.3803786956543869,0.3803786956543869,1,0,P1
QTTB,0.552809383040155,0.552809383040155,1,0,P1
QURE,0.5179912666252954,0.38283078532924947,3,0,P1
RANI,0.5819878461935559,0.43148610910756025,4,0,P1
RAPP,0.41617585439060845,0.2569744658333111,3,1,P3
RAPT,0.3870626450081791,0.12639726235300186,6,2,P2
RARE,0.4469927150399476,0.22252973207734042,36,4,P3
RCKT,0.4810541280008412,0.38653331815113634,6,0,P1
RCUS,0.5020504391646594,0.16736512748344265,22,4,P2
REGN,0.39421735367372296,0.09730736618987457,242,50,P3
REPL,0.4519856664895705,0.4078926549509154,2,0,P2
REVB,0.47481868658028487,0.47481868658028487,1,0,P1
RIGL,0.41798533981615027,0.17681349341468758,9,3,P3
RLMD,0.5071758208280196,0.31094123801394485,4,0,P3
RLYB,0.41834920777010165,0.3668155972063576,3,0,P2
RMTI,0.6381843729653397,0.5294021605349,3,0,P1
RNA,0.38709704069628464,0.25313090493827844,5,1,P3
RNAC,0.44957907512793394,0.31734055161057684,7,0,P2
RNAZ,0.6722497624470221,0.6722497624470221,1,0,P1
RNXT,0.5214038849870558,0.5214038849870558,1,0,P1
ROIV,0.39433270794609404,0.39433270794609404,1,0,P2
RPTX,0.38197240121774034,0.2780537396734458,8,1,P2
RUBY,0.4351098194572421,0.39006101909763313,4,0,P1
RXRX,0.24333267551893537,0.11568788549244546,4,2,P2
RYTM,0.44058324350383904,0.1556303113903067,21,3,P3
RZLT,0.19273245656007723,0.18249445440096493,2,2,P2
SABS,0.3410121438679209,0.2686902097219611,4,1,P2
SANA,0.4298533429072415,0.3474159207563858,3,0,P1
SCLX,0.658999437988825,0.2590761828707855,10,1,P3
SCPH,0.5278220684156025,0.31021597381884103,5,0,P3
SCYX,0.554988768227721,0.13785699590104325,13,2,P3
SGEN,0.39613806113234695,0.07594508381444978,50,9,P3
SGMO,0.4923499537982286,0.38390936752889987,7,0,P1
SGMT,0.558174713964372,0.1814742797298507,5,1,P2
SHPH,0.29783397404878803,0.29783397404878803,1,1,P2
SIGA,0.5063751983211142,0.45307969002148407,4,0,P3
SKYE,0.42833496501681984,0.36504438400744993,2,0,P2
SLDB,0.5552967583310379,0.48848838042520903,2,0,P1
SLNO,0.47879549805412375,0.4432971928290241,3,0,P3
SMMT,0.37119507213469494,0.3630483640727891,2,0,P3
SNDX,0.4136681681752081,0.2330821676749954,21,3,P2
SNGX,0.39343637354333516,0.2802132247487792,7,1,P3
SNOA,0.44975826177448586,0.44975826177448586,1,0,P1
SNSE,0.2161833287123651,0.2161833287123651,1,1,P1
SONN,0.430173974742313,0.35222753584410516,3,0,P1
SPRO,0.5369692107041375,0.09199345571922884,21,4,P3
SPRY,0.5994344571036837,0.5415998819270035,3,0,P2
SQZ,0.27876936734370367,0.1991875168740314,3,1,P1
SRPT,0.4474666052343472,0.30106306277805955,22,0,P3
SRRK,0.3923794479163668,0.36418122537353936,4,0,P3
STOK,0.4185119950013434,0.4185119950013434,1,0,P1
STRO,0.354088978741907,0.15367762795034515,6,1,P2
SUPN,0.44798295462767074,0.2269952550672288,33,6,P3
SVRA,0.3338757459886518,0.20597218908799542,5,3,P3
SWTX,0.51217927345525,0.29519564384234553,6,1,P3
SXTP,0.3448298254183467,0.2678363341347449,2,1,P2
SYBX,0.36904094543634125,0.15524664533182422,9,4,P3
SYRE,0.35777042332851006,0.35777042332851006,1,0,P1
TALS,0.28968328894270917,0.28968328894270917,1,1,P2
TARA,0.3159492822099171,0.12848598803175976,3,1,P1
TBPH,0.4109882599053926,0.10386335147606898,20,5,P3
TCRT,0.4218872689590151,0.2845440480667565,9,1,P2
TELO,0.3202775754100503,0.3202775754100503,1,0,P2
TENX,0.3211869563848635,0.22609535455167418,2,1,P2
TEVA,0.336573006903786,0.2201636651809211,8,3,P3
TGTX,0.47564669541493176,0.32492454409184096,26,0,P3
THAR,0.6873843332172502,0.6873843332172502,1,0,P1
TNGX,0.3851562268605567,0.3520026413600656,2,0,P1
TNXP,0.5281845833193831,0.22683006234405098,14,2,P3
TOVX,0.4534271347951324,0.27405725734781655,3,1,P2
TPST,0.4057744552929511,0.3706119496092121,2,0,P1
TRAW,0.49736354916687253,0.3091277799199571,8,0,P3
TVGN,0.34670399713054767,0.34670399713054767,1,0,P1
TVRD,0.4727426087985826,0.10525235680574942,19,2,P3
TVTX,0.4101392877599116,0.25375570379261947,7,2,P3
TXMD,0.6016340759624346,0.5348207675793912,2,0,P1
UBX,0.3655891265345481,0.24963299014857712,9,2,P2
UNCY,0.44928449524730135,0.44928449524730135,1,0,P2
URGN,0.4045731723998016,0.26110572158346707,5,1,P3
UTHR,0.39287930628097767,0.11437140912978434,32,5,P3
VANI,0.5511276895421514,0.5511276895421514,1,0,P1
VCNX,0.3451933978472601,0.2923794671441012,6,1,P2
VERA,0.1773153517261473,0.1773153517261473,1,1,P2
VERU,0.2967949637787515,0.1449711631284445,9,5,P3
VERV,0.31767235098156127,0.31767235098156127,1,0,P1
VIR,0.39988774136403654,0.20708113152987115,23,5,P3
VKTX,0.4302812341015157,0.2506199595904701,6,1,P2
VNDA,0.49344934052205824,0.13219899594056375,27,7,P3
VOR,0.3179782568033403,0.22500626264828463,4,2,P3
VRCA,0.3372491675786466,0.32754910117851116,3,0,P2
VRDN,0.38595143980710395,0.3408627487250797,4,0,P3
VRNA,0.46116783739625955,0.19019409299110127,9,2,P3
VRTX,0.5161618597200559,0.08493243071889614,110,7,P3
VSTM,0.41401820729454797,0.28795308777987516,8,1,P2
VTGN,0.43731936780527514,0.3185104073148579,6,0,P3
VTRS,0.41970278744647804,0.30261223289544215,6,0,P3
VTVT,0.22386685520186644,0.10574092940221738,2,1,P2
VTYX,0.25293551619051213,0.12837171134639974,3,2,P2
VXRT,0.5291781547797211,0.42650334338148443,9,0,P2
VYGR,0.35509080409972194,0.25840878514149335,4,1,P1
VYNE,0.39727645002333084,0.2558009930889525,11,2,P3
WINT,0.2948413928003567,0.25374445989501015,3,2,P2
WVE,0.36104967009383043,0.1995050291956941,11,5,P2
XBIO,0.20637717480692372,0.20637717480692372,1,1,P2
XBIT,0.3799683165830628,0.30597191717101335,2,0,P2
XCUR,0.2664096673032258,0.2664096673032258,1,1,P1
XENE,0.45989111655844667,0.24846168492485138,6,1,P3
XERS,0.47646832875114137,0.3285971105747304,7,0,P3
XNCR,0.3778666170079637,0.15311200181707757,19,3,P2
YMAB,0.4134910232025732,0.2303730261633068,13,2,P2
YMTX,0.4255697530715337,0.4255697530715337,1,0,P1
ZVRA,0.37165855099250683,0.17037864996884264,2,1,P3
