ticker,sources
AARD,bera_us
ABBV,"bera_us,biotech254"
ABCL,bera_us
ABEO,bera_us
ABEOW,park_sejun
ABOS,bera_us
ABPO,park_sejun
ABSI,"bera_us,biotech254,park_sejun"
ABUS,bera_us
ABVC,bera_us
ABVX,biotech254
ACAD,"bera_us,biotech254"
ACCD,biotech254
ACER,bera_us
ACET,"biotech254,park_sejun"
ACHC,park_sejun
ACHV,bera_us
ACLX,"bera_us,biotech254,park_sejun"
ACOG,"bera_us,park_sejun"
ACON,park_sejun
ACRS,"bera_us,biotech254,park_sejun"
ACRV,bera_us
ACTU,bera_us
ACXP,bera_us
ADAG,park_sejun
ADCT,"bera_us,biotech254,park_sejun"
ADGM,"biotech254,park_sejun"
ADIL,"bera_us,park_sejun"
ADMA,"bera_us,biotech254"
ADPT,bera_us
ADTX,"bera_us,park_sejun"
ADVM,bera_us
AEMD,park_sejun
AEON,bera_us
AERI,bera_us
AGEN,"bera_us,biotech254"
AGIO,"bera_us,biotech254,park_sejun"
AGMB,park_sejun
AIDX,park_sejun
AIRS,park_sejun
AKBA,"bera_us,park_sejun"
AKRO,"bera_us,biotech254"
AKTX,bera_us
ALBO,bera_us
ALBT,park_sejun
ALDX,bera_us
ALEC,"bera_us,biotech254"
ALGN,park_sejun
ALGS,"bera_us,biotech254"
ALHC,park_sejun
ALKS,"bera_us,park_sejun"
ALLO,"bera_us,biotech254,park_sejun"
ALLR,bera_us
ALMS,bera_us
ALNY,"bera_us,biotech254"
ALPN,bera_us
ALT,"bera_us,biotech254"
ALVR,bera_us
ALXO,"bera_us,park_sejun"
ALZN,bera_us
AMGN,"bera_us,biotech254"
AMLX,"bera_us,biotech254,park_sejun"
AMPH,bera_us
AMRN,bera_us
AMRX,bera_us
AMTI,bera_us
AMWL,park_sejun
ANAB,"bera_us,biotech254"
ANEB,bera_us
ANGO,park_sejun
ANIK,bera_us
ANIP,bera_us
ANIX,bera_us
ANL,park_sejun
ANNX,"bera_us,biotech254"
ANRO,"bera_us,park_sejun"
ANTX,"bera_us,biotech254,park_sejun"
ANVS,bera_us
AORT,park_sejun
APGE,"bera_us,biotech254,park_sejun"
APLS,"bera_us,biotech254,park_sejun"
APLT,bera_us
APRE,"bera_us,park_sejun"
APUS,"bera_us,park_sejun"
AQST,bera_us
ARAY,park_sejun
ARCT,"bera_us,biotech254"
ARDX,"bera_us,biotech254,park_sejun"
ARMP,biotech254
ARQT,"bera_us,biotech254"
ARTL,"bera_us,park_sejun"
ARTV,bera_us
ARVN,"bera_us,biotech254"
ARWR,"bera_us,biotech254"
ASBP,"bera_us,park_sejun"
ASMB,bera_us
ASND,biotech254
ASRT,"bera_us,biotech254"
ATAI,bera_us
ATHA,"bera_us,biotech254"
ATNM,bera_us
ATOS,bera_us
ATRA,bera_us
ATXS,"bera_us,biotech254"
ATYR,bera_us
AUNA,park_sejun
AUPH,"bera_us,biotech254"
AURA,bera_us
AUTL,"bera_us,biotech254"
AVBP,"bera_us,park_sejun"
AVDL,bera_us
AVIR,"bera_us,biotech254,park_sejun"
AVTR,park_sejun
AVTX,"bera_us,park_sejun"
AVXL,bera_us
AXSM,biotech254
AYTU,bera_us
AZTR,bera_us
BAX,park_sejun
BBIO,"bera_us,park_sejun"
BBNX,park_sejun
BBOT,bera_us
BCAB,bera_us
BCAX,"bera_us,park_sejun"
BCLI,biotech254
BCRX,"bera_us,biotech254,park_sejun"
BCTX,park_sejun
BCYC,"bera_us,biotech254,park_sejun"
BDRX,park_sejun
BDSX,park_sejun
BDTX,bera_us
BEAM,"bera_us,biotech254,park_sejun"
BESS,park_sejun
BFLY,park_sejun
BFRI,bera_us
BGNE,biotech254
BHC,bera_us
BHVN,"bera_us,biotech254"
BIIB,"bera_us,biotech254,park_sejun"
BIOA,bera_us
BIOR,biotech254
BIVI,bera_us
BJDX,park_sejun
BLLN,park_sejun
BLTE,biotech254
BLU,biotech254
BMEA,"bera_us,park_sejun"
BMRN,"bera_us,biotech254"
BMY,bera_us
BNTC,"bera_us,biotech254"
BNTX,biotech254
BOLD,bera_us
BOLT,bera_us
BPMC,"bera_us,biotech254"
BRTX,"bera_us,park_sejun"
BTAI,bera_us
BTSG,park_sejun
BTTX,bera_us
BWAY,park_sejun
BYSI,bera_us
CABA,"bera_us,biotech254,park_sejun"
CADL,"bera_us,biotech254,park_sejun"
CAI,park_sejun
CALC,bera_us
CAMP,"bera_us,park_sejun"
CAPR,"bera_us,biotech254,park_sejun"
CARM,bera_us
CATX,"biotech254,park_sejun"
CBIO,"bera_us,park_sejun"
CBUS,bera_us
CCCC,"bera_us,biotech254"
CDIO,bera_us
CDNA,park_sejun
CDT,"bera_us,park_sejun"
CDTX,"bera_us,park_sejun"
CDXS,bera_us
CELC,"bera_us,biotech254,park_sejun"
CELU,bera_us
CELZ,bera_us
CERE,bera_us
CERO,bera_us
CERS,park_sejun
CERT,biotech254
CGC,bera_us
CGEM,"bera_us,biotech254,park_sejun"
CGON,"bera_us,biotech254"
CGTX,bera_us
CHRS,"bera_us,park_sejun"
CING,bera_us
CLDI,bera_us
CLDX,"bera_us,park_sejun"
CLPT,"biotech254,park_sejun"
CLRB,bera_us
CLSD,bera_us
CLYM,"bera_us,park_sejun"
CMMB,bera_us
CMPS,biotech254
CMPX,"bera_us,biotech254,park_sejun"
CNC,park_sejun
CNSP,bera_us
CNTA,"bera_us,biotech254"
CNTB,park_sejun
CNTN,park_sejun
CNTX,"bera_us,park_sejun"
COCH,park_sejun
COCP,bera_us
COEP,"bera_us,park_sejun"
COGT,"bera_us,biotech254"
COLL,bera_us
CORT,"bera_us,biotech254"
COYA,"bera_us,biotech254,park_sejun"
CPHI,bera_us
CPIX,"bera_us,park_sejun"
CPRX,bera_us
CRBP,"bera_us,park_sejun"
CRBU,"bera_us,biotech254"
CRDF,bera_us
CRDL,park_sejun
CRIS,"bera_us,park_sejun"
CRL,park_sejun
CRMD,bera_us
CRNX,"bera_us,biotech254"
CRON,bera_us
CRSP,"bera_us,biotech254"
CRVO,bera_us
CRVS,"bera_us,biotech254,park_sejun"
CSTL,park_sejun
CTMX,"bera_us,park_sejun"
CTNM,"bera_us,park_sejun"
CTOR,bera_us
CTXR,bera_us
CUE,bera_us
CVKD,bera_us
CVM,bera_us
CYCC,bera_us
CYCN,bera_us
CYTK,bera_us
DARE,"bera_us,biotech254"
DAWN,"bera_us,biotech254,park_sejun"
DBVT,park_sejun
DCPH,biotech254
DCTH,park_sejun
DERM,bera_us
DFTX,park_sejun
DMAC,bera_us
DMRA,park_sejun
DNA,bera_us
DNLI,"bera_us,biotech254"
DNTH,"bera_us,biotech254"
DRMA,bera_us
DRNA,biotech254
DRRX,bera_us
DRUG,biotech254
DSGN,"bera_us,biotech254"
DTIL,"bera_us,biotech254,park_sejun"
DVAX,bera_us
DWTX,bera_us
DXCM,biotech254
DYAI,bera_us
DYN,"bera_us,biotech254,park_sejun"
EBS,"bera_us,park_sejun"
EDIT,"bera_us,biotech254"
EDSA,"bera_us,park_sejun"
EKSO,park_sejun
ELAB,bera_us
ELAN,"bera_us,biotech254,park_sejun"
ELDN,bera_us
ELEV,biotech254
ELTX,biotech254
ELUT,park_sejun
ELVN,"biotech254,park_sejun"
ENGN,"bera_us,park_sejun"
ENLV,biotech254
ENSC,bera_us
ENSG,park_sejun
ENTA,bera_us
ENVB,bera_us
EOLS,bera_us
EQ,"bera_us,park_sejun"
ERAS,"bera_us,park_sejun"
ERNA,bera_us
ESLA,bera_us
ESPR,bera_us
ETON,bera_us
EVLO,biotech254
EVMN,park_sejun
EVO,park_sejun
EVOK,bera_us
EWTX,"bera_us,biotech254"
EXEL,"bera_us,biotech254,park_sejun"
EXOZ,bera_us
EYPT,"bera_us,biotech254,park_sejun"
FATE,biotech254
FBIO,bera_us
FBLG,bera_us
FBRX,"bera_us,park_sejun"
FBT,park_sejun
FDMT,"bera_us,park_sejun"
FEED,park_sejun
FEMY,park_sejun
FENC,bera_us
FGEN,"bera_us,biotech254"
FHTX,bera_us
FLAG.U,park_sejun
FLGC,bera_us
FLGT,biotech254
FOLD,"bera_us,biotech254"
FONR,park_sejun
FORM,biotech254
FRPT,biotech254
FTRE,bera_us
FULC,"bera_us,biotech254"
GALT,bera_us
GANX,bera_us
GBIO,"bera_us,park_sejun"
GCTK,park_sejun
GERN,"bera_us,biotech254,park_sejun"
GHRS,biotech254
GILD,"bera_us,biotech254,park_sejun"
GKOS,park_sejun
GLPG,biotech254
GLSI,bera_us
GLTO,bera_us
GLUE,bera_us
GNLX,bera_us
GNPX,"bera_us,park_sejun"
GOSS,"bera_us,biotech254,park_sejun"
GOVX,"bera_us,park_sejun"
GPCR,"bera_us,biotech254"
GRAL,park_sejun
GRCE,bera_us
GRDX,park_sejun
GRFS,biotech254
GRI,bera_us
GRML,park_sejun
GRTS,bera_us
GTBP,bera_us
GTHX,biotech254
GUTS,bera_us
GYRE,"bera_us,biotech254"
HAE,park_sejun
HALO,"bera_us,biotech254"
HARP,bera_us
HCWB,"bera_us,park_sejun"
HELP,park_sejun
HGEN,biotech254
HLVX,bera_us
HOOK,biotech254
HOTH,bera_us
HOWL,"bera_us,biotech254"
HRMY,"bera_us,biotech254"
HROW,"bera_us,park_sejun"
HRTX,"bera_us,park_sejun"
HSDT,park_sejun
HUMA,bera_us
HURA,bera_us
HYPD,bera_us
HZNP,biotech254
IART,biotech254
IBIO,"bera_us,park_sejun"
IBO,bera_us
IBRX,bera_us
ICCC,bera_us
ICPT,biotech254
ICU,bera_us
IDYA,"bera_us,biotech254"
IGC,bera_us
IKNA,bera_us
IKT,bera_us
ILMN,biotech254
IMA,"bera_us,park_sejun"
IMCR,bera_us
IMGN,biotech254
IMMX,"bera_us,park_sejun"
IMNM,"bera_us,biotech254"
IMNN,"bera_us,park_sejun"
IMRX,bera_us
IMUX,"bera_us,park_sejun"
IMVT,"bera_us,biotech254,park_sejun"
INAB,"bera_us,park_sejun"
INBX,"bera_us,biotech254,park_sejun"
INCY,"bera_us,biotech254"
INDP,bera_us
INDV,"bera_us,park_sejun"
INKT,bera_us
INM,"bera_us,park_sejun"
INMB,bera_us
INO,bera_us
INSM,"bera_us,biotech254"
INSP,park_sejun
INTS,bera_us
INVA,bera_us
IOBT,"bera_us,park_sejun"
IONS,"bera_us,biotech254"
IOVA,"bera_us,biotech254,park_sejun"
IPSC,"bera_us,biotech254,park_sejun"
IRD,"bera_us,park_sejun"
IRON,"bera_us,biotech254,park_sejun"
IRTC,park_sejun
IRWD,"bera_us,biotech254"
ISRG,biotech254
ITCI,biotech254
ITOS,"bera_us,biotech254"
IVA,park_sejun
IVF,park_sejun
IVVD,"bera_us,biotech254"
IXHL,bera_us
IYH,park_sejun
JAGX,bera_us
JANX,"bera_us,biotech254,park_sejun"
JAZZ,bera_us
JBIO,"bera_us,park_sejun"
JNCE,biotech254
JNJ,bera_us
JSPR,"bera_us,park_sejun"
JUNS,bera_us
JYNT,park_sejun
KALA,"bera_us,biotech254,park_sejun"
KALV,"bera_us,biotech254,park_sejun"
KLRS,"bera_us,park_sejun"
KLTO,bera_us
KMTS,park_sejun
KNSA,"bera_us,park_sejun"
KOD,bera_us
KPRX,bera_us
KPTI,"bera_us,park_sejun"
KRMD,park_sejun
KRON,bera_us
KROS,"bera_us,biotech254"
KRRO,"bera_us,park_sejun"
KRYS,"bera_us,biotech254"
KTTA,"bera_us,park_sejun"
KURA,"bera_us,biotech254,park_sejun"
KYMR,"bera_us,biotech254"
KYTX,"bera_us,biotech254"
KZIA,park_sejun
KZR,bera_us
LAB,park_sejun
LBRX,park_sejun
LCTX,bera_us
LENZ,"bera_us,biotech254"
LEXX,bera_us
LFCR,bera_us
LGND,biotech254
LGVN,bera_us
LIMN,park_sejun
LIXT,bera_us
LLY,bera_us
LMRI,park_sejun
LNTH,bera_us
LPCN,bera_us
LPTX,bera_us
LQDA,bera_us
LRMR,"bera_us,biotech254"
LSTA,bera_us
LTRN,"bera_us,park_sejun"
LUCY,park_sejun
LUNG,park_sejun
LXEO,"bera_us,park_sejun"
LXRX,"bera_us,biotech254"
LYEL,"bera_us,biotech254"
LYRA,park_sejun
MAIA,bera_us
MAZE,"bera_us,park_sejun"
MBIO,bera_us
MBOT,park_sejun
MBRX,bera_us
MBX,"bera_us,park_sejun"
MCRB,"bera_us,biotech254"
MDAI,park_sejun
MDCX,bera_us
MDGL,"bera_us,biotech254"
MDLN,park_sejun
MDRX,park_sejun
MDXG,bera_us
MDXH,biotech254
MEIP,bera_us
MESO,biotech254
MGNX,"bera_us,biotech254"
MGTX,"bera_us,park_sejun"
MGX,biotech254
MIRA,bera_us
MIRM,"bera_us,biotech254"
MIST,bera_us
MKUS,biotech254
MLTX,"bera_us,biotech254,park_sejun"
MLYS,"bera_us,biotech254,park_sejun"
MNKD,"bera_us,biotech254"
MNKTQ,park_sejun
MNMD,bera_us
MNOV,bera_us
MNPR,bera_us
MODDD,park_sejun
MOH,park_sejun
MORF,biotech254
MPLT,park_sejun
MREO,"bera_us,park_sejun"
MRK,bera_us
MRKR,bera_us
MRNA,"bera_us,biotech254,park_sejun"
MRSN,"bera_us,biotech254"
MRUS,"bera_us,biotech254"
MRVI,bera_us
MTNB,bera_us
MTVA,bera_us
MXCT,park_sejun
MYGN,park_sejun
MYOV,biotech254
NAGE,bera_us
NAKA,park_sejun
NAMS,"bera_us,park_sejun"
NBIX,"bera_us,biotech254,park_sejun"
NBY,bera_us
NERV,park_sejun
NEUP,bera_us
NGNE,"bera_us,biotech254"
NKTR,"bera_us,biotech254,park_sejun"
NKTX,bera_us
NLTX,bera_us
NMRA,"bera_us,park_sejun"
NNVC,bera_us
NRIX,"bera_us,biotech254"
NRXP,bera_us
NRXS,bera_us
NSPR,park_sejun
NTLA,"bera_us,biotech254,park_sejun"
NTRB,bera_us
NUTX,park_sejun
NUVB,"bera_us,biotech254"
NUVL,bera_us
NUWE,park_sejun
NVAX,"bera_us,biotech254,park_sejun"
NVCT,bera_us
NVNO,park_sejun
NXGL,park_sejun
NXTC,"bera_us,park_sejun"
OABI,bera_us
OBIO,bera_us
OCGN,"bera_us,park_sejun"
OCUL,"bera_us,park_sejun"
OGEN,bera_us
OGN,"bera_us,biotech254"
OKUR,"bera_us,park_sejun"
OKYO,park_sejun
OLMA,"bera_us,biotech254,park_sejun"
OLPX,biotech254
OMCL,park_sejun
OMDA,park_sejun
OMER,"bera_us,park_sejun"
ONC,bera_us
ONCO,bera_us
ONI,park_sejun
ONVO,biotech254
ORGO,bera_us
ORIC,"bera_us,biotech254,park_sejun"
ORKA,"bera_us,biotech254,park_sejun"
ORMP,bera_us
OSRH,bera_us
OSTX,bera_us
OTLK,bera_us
OVID,"bera_us,park_sejun"
OYST,biotech254
PAHC,"bera_us,park_sejun"
PALI,park_sejun
PARK,park_sejun
PASG,bera_us
PAVM,park_sejun
PBH,bera_us
PBM,park_sejun
PBYI,bera_us
PCRX,"bera_us,biotech254"
PCSA,bera_us
PCSC,biotech254
PCVX,"bera_us,biotech254"
PDSB,bera_us
PEPG,"bera_us,park_sejun"
PFE,bera_us
PGEN,"bera_us,park_sejun"
PHAT,"bera_us,biotech254,park_sejun"
PHGE,bera_us
PHIO,bera_us
PINC,biotech254
PLRX,"bera_us,biotech254,park_sejun"
PLUR,bera_us
PLX,"bera_us,park_sejun"
PLYX,biotech254
PMCB,bera_us
PMI,park_sejun
PMN,"bera_us,park_sejun"
PMVP,"bera_us,biotech254"
PPBT,park_sejun
PRAX,"bera_us,biotech254,park_sejun"
PRCT,park_sejun
PRGO,"bera_us,park_sejun"
PRME,"bera_us,biotech254"
PROK,"bera_us,biotech254,park_sejun"
PRQR,park_sejun
PRTA,bera_us
PRTX,biotech254
PSNL,park_sejun
PSTV,"bera_us,park_sejun"
PSTX,"bera_us,biotech254"
PTCT,"bera_us,biotech254,park_sejun"
PTGX,park_sejun
PTHS,bera_us
PTIX,bera_us
PTNT,park_sejun
PULM,bera_us
PVLA,"bera_us,park_sejun"
PYXS,bera_us
QDEL,park_sejun
QGEN,park_sejun
QLGN,bera_us
QNCX,"bera_us,park_sejun"
QNRX,park_sejun
QTIH,park_sejun
QTTB,"bera_us,park_sejun"
QUCY,park_sejun
QURE,"bera_us,biotech254,park_sejun"
RANI,"bera_us,park_sejun"
RAPP,"bera_us,park_sejun"
RAPT,"bera_us,park_sejun"
RARE,"bera_us,biotech254"
RCKT,"bera_us,biotech254"
RCUS,"bera_us,biotech254"
RDNT,park_sejun
RDPTF,park_sejun
REGN,"bera_us,biotech254"
REPL,bera_us
RETA,biotech254
REVB,"bera_us,park_sejun"
RGEN,park_sejun
RGLS,biotech254
RGNT,park_sejun
RGNX,biotech254
RIGL,"bera_us,park_sejun"
RLAY,"biotech254,park_sejun"
RLMD,"bera_us,biotech254,park_sejun"
RLYB,"bera_us,park_sejun"
RMTI,bera_us
RNA,biotech254
RNAC,"bera_us,park_sejun"
RNAZ,bera_us
RNTX,bera_us
RNXT,bera_us
ROIV,"bera_us,biotech254"
RPID,biotech254
RPRX,bera_us
RPTX,"bera_us,park_sejun"
RUBY,bera_us
RVMD,"bera_us,biotech254"
RVPH,"bera_us,park_sejun"
RXDX,biotech254
RXRX,"bera_us,biotech254"
RXST,park_sejun
RYTM,"bera_us,biotech254"
RZLT,bera_us
SABS,"bera_us,park_sejun"
SAGE,biotech254
SANA,"bera_us,biotech254,park_sejun"
SAVA,bera_us
SBC,park_sejun
SBFM,bera_us
SBRA,park_sejun
SCLX,bera_us
SCPH,bera_us
SCYX,bera_us
SDGR,biotech254
SEPN,bera_us
SER,bera_us
SERA,biotech254
SGEN,bera_us
SGHT,park_sejun
SGMO,"bera_us,biotech254"
SGMT,bera_us
SGP,park_sejun
SHC,park_sejun
SHPH,bera_us
SIBN,park_sejun
SIGA,"bera_us,biotech254"
SILO,bera_us
SION,bera_us
SKIN,park_sejun
SKYE,bera_us
SLDB,"bera_us,biotech254,park_sejun"
SLGL,park_sejun
SLNO,"bera_us,park_sejun"
SLRX,bera_us
SLXN,bera_us
SMLR,park_sejun
SMMT,"bera_us,biotech254"
SNDX,"bera_us,biotech254,park_sejun"
SNGX,bera_us
SNOA,bera_us
SNSE,"bera_us,biotech254,park_sejun"
SNTI,bera_us
SONN,bera_us
SPRB,park_sejun
SPRC,park_sejun
SPRO,bera_us
SPRY,"bera_us,park_sejun"
SQZ,bera_us
SRPT,"bera_us,biotech254,park_sejun"
SRRK,"bera_us,park_sejun"
SRZN,"bera_us,park_sejun"
STIM,park_sejun
STOK,"bera_us,biotech254"
STRO,"bera_us,biotech254,park_sejun"
STSS,park_sejun
STTK,"bera_us,park_sejun"
SUPN,"bera_us,park_sejun"
SVRA,"bera_us,biotech254,park_sejun"
SWTX,"bera_us,biotech254"
SXTP,bera_us
SYBX,"bera_us,park_sejun"
SYRE,"bera_us,biotech254"
TALK,"biotech254,park_sejun"
TALS,bera_us
TARA,park_sejun
TARS,"bera_us,biotech254"
TBPH,"bera_us,biotech254"
TBRG,park_sejun
TCRR,bera_us
TCRT,bera_us
TCRX,bera_us
TECH,bera_us
TECX,"bera_us,biotech254,park_sejun"
TELO,bera_us
TEM,park_sejun
TENX,bera_us
TERN,"bera_us,biotech254,park_sejun"
TEVA,"bera_us,park_sejun"
TGTX,"bera_us,biotech254"
TIL,bera_us
TIVC,park_sejun
TKNO,bera_us
TLPH,bera_us
TLRY,bera_us
TNGX,"bera_us,biotech254,park_sejun"
TNXP,bera_us
TNYA,"bera_us,biotech254"
TOI,park_sejun
TOVX,bera_us
TPST,"bera_us,park_sejun"
TRAW,"bera_us,park_sejun"
TRDA,bera_us
TRIB,park_sejun
TRVI,"bera_us,park_sejun"
TSHA,"bera_us,biotech254,park_sejun"
TTNP,bera_us
TVGN,bera_us
TVRD,bera_us
TVTX,"bera_us,biotech254,park_sejun"
TXG,biotech254
TXMD,bera_us
TYRA,"bera_us,biotech254,park_sejun"
UBX,bera_us
UNCY,"bera_us,park_sejun"
UPB,bera_us
UPXI,park_sejun
URGN,"bera_us,biotech254"
USPH,park_sejun
UTHR,"bera_us,biotech254,park_sejun"
VANI,bera_us
VCEL,"bera_us,park_sejun"
VCNX,"bera_us,biotech254"
VERA,"bera_us,biotech254,park_sejun"
VERU,"bera_us,biotech254"
VERV,bera_us
VIR,bera_us
VIRI,bera_us
VIVS,bera_us
VKTX,"bera_us,biotech254"
VNDA,"bera_us,biotech254"
VOR,"bera_us,park_sejun"
VRAX,park_sejun
VRCA,"bera_us,biotech254"
VRDN,"bera_us,biotech254"
VRNA,bera_us
VRTX,"bera_us,biotech254"
VSEE,park_sejun
VSTM,"bera_us,park_sejun"
VTAK,park_sejun
VTGN,"bera_us,biotech254"
VTRS,bera_us
VTVT,"bera_us,park_sejun"
VTYX,"bera_us,park_sejun"
VXRT,bera_us
VYGR,"bera_us,biotech254,park_sejun"
VYNE,bera_us
WHWK,bera_us
WINT,bera_us
WVE,"bera_us,park_sejun"
XBIO,"bera_us,park_sejun"
XBIT,bera_us
XCUR,bera_us
XENE,"bera_us,park_sejun"
XERS,"bera_us,biotech254"
XFOR,"bera_us,park_sejun"
XGN,park_sejun
XLO,bera_us
XNCR,"bera_us,biotech254,park_sejun"
XOMA,bera_us
XRAY,park_sejun
YCBD,bera_us
YMAB,bera_us
YMTX,bera_us
ZBH,park_sejun
ZBIO,bera_us
ZLAB,"bera_us,park_sejun"
ZNTL,"bera_us,park_sejun"
ZTS,bera_us
ZVRA,bera_us
ZYME,"bera_us,biotech254"
